iPhone 9,549
iPhone X,899
Samsung Universe 9,1249
OPPOF19,280
Huawei P30,499
MacBook Pro,1749
Samsung Galaxy Book,1499
Microsoft Surface Laptop 4,1499
Infinix INBOOK,1099
HP Pavilion 15-DK1056WM,1099
perfume Oil,13
Brown Perfume,40
Fog Scent Xpressio Perfume,13
Non-Alcoholic Concentrated Perfume Oil,120
Eau De Perfume Spray,30
Hyaluronic Acid Serum,19
Tree Oil 30ml,12
Oil Free Moisturizer 100ml,40
Skin Beauty Serum.,46
Freckle Treatment Cream- 15gm,70
- Daal Masoor 500 grams,20
Elbow Macaroni - 400 gm,14
Orange Essence Food Flavou,14
cereals muesli fruit nuts,46
Gulab Powder 50 Gram,70
Plant Hanger For Home,41
Flying Wooden Bird,51
3D Embellishment Art Lamp,20
Handcraft Chinese style,60
Key Holder,30
